Notes,Mother's Education,Mother's Education Code,Marital Status,Marital Status Code,Mother's Single Race 6,Mother's Single Race 6 Code,Mother's Hispanic Origin,Mother's Hispanic Origin Code,Year,Year Code,Births
,8th grade or less,1,Married,1,Asian,A,Not Hispanic or Latino,2186-5,2018,2018,95
,8th grade or less,1,Married,1,Asian,A,Not Hispanic or Latino,2186-5,2019,2019,78
,8th grade or less,1,Married,1,Asian,A,Not Hispanic or Latino,2186-5,2020,2020,79
,8th grade or less,1,Married,1,Asian,A,Not Hispanic or Latino,2186-5,2021,2021,51
,8th grade or less,1,Married,1,Black or African American,2054-5,Hispanic or Latino,2135-2,2018,2018,11
,8th grade or less,1,Married,1,Black or African American,2054-5,Hispanic or Latino,2135-2,2020,2020,12
,8th grade or less,1,Married,1,Black or African American,2054-5,Hispanic or Latino,2135-2,2021,2021,12
,8th grade or less,1,Married,1,Black or African American,2054-5,Not Hispanic or Latino,2186-5,2018,2018,82
,8th grade or less,1,Married,1,Black or African American,2054-5,Not Hispanic or Latino,2186-5,2019,2019,81
,8th grade or less,1,Married,1,Black or African American,2054-5,Not Hispanic or Latino,2186-5,2020,2020,60
,8th grade or less,1,Married,1,Black or African American,2054-5,Not Hispanic or Latino,2186-5,2021,2021,64
,8th grade or less,1,Married,1,White,2106-3,Hispanic or Latino,2135-2,2018,2018,202
,8th grade or less,1,Married,1,White,2106-3,Hispanic or Latino,2135-2,2019,2019,228
,8th grade or less,1,Married,1,White,2106-3,Hispanic or Latino,2135-2,2020,2020,201
,8th grade or less,1,Married,1,White,2106-3,Hispanic or Latino,2135-2,2021,2021,186
,8th grade or less,1,Married,1,White,2106-3,Not Hispanic or Latino,2186-5,2018,2018,215
,8th grade or less,1,Married,1,White,2106-3,Not Hispanic or Latino,2186-5,2019,2019,248
,8th grade or less,1,Married,1,White,2106-3,Not Hispanic or Latino,2186-5,2020,2020,194
,8th grade or less,1,Married,1,White,2106-3,Not Hispanic or Latino,2186-5,2021,2021,239
,8th grade or less,1,Unmarried,2,Asian,A,Not Hispanic or Latino,2186-5,2018,2018,21
,8th grade or less,1,Unmarried,2,Black or African American,2054-5,Hispanic or Latino,2135-2,2018,2018,21
,8th grade or less,1,Unmarried,2,Black or African American,2054-5,Hispanic or Latino,2135-2,2019,2019,25
,8th grade or less,1,Unmarried,2,Black or African American,2054-5,Hispanic or Latino,2135-2,2020,2020,31
,8th grade or less,1,Unmarried,2,Black or African American,2054-5,Hispanic or Latino,2135-2,2021,2021,29
,8th grade or less,1,Unmarried,2,Black or African American,2054-5,Not Hispanic or Latino,2186-5,2018,2018,47
,8th grade or less,1,Unmarried,2,Black or African American,2054-5,Not Hispanic or Latino,2186-5,2019,2019,45
,8th grade or less,1,Unmarried,2,Black or African American,2054-5,Not Hispanic or Latino,2186-5,2020,2020,46
,8th grade or less,1,Unmarried,2,Black or African American,2054-5,Not Hispanic or Latino,2186-5,2021,2021,44
,8th grade or less,1,Unmarried,2,White,2106-3,Hispanic or Latino,2135-2,2018,2018,302
,8th grade or less,1,Unmarried,2,White,2106-3,Hispanic or Latino,2135-2,2019,2019,336
,8th grade or less,1,Unmarried,2,White,2106-3,Hispanic or Latino,2135-2,2020,2020,295
,8th grade or less,1,Unmarried,2,White,2106-3,Hispanic or Latino,2135-2,2021,2021,342
,8th grade or less,1,Unmarried,2,White,2106-3,Not Hispanic or Latino,2186-5,2018,2018,36
,8th grade or less,1,Unmarried,2,White,2106-3,Not Hispanic or Latino,2186-5,2019,2019,57
,8th grade or less,1,Unmarried,2,White,2106-3,Not Hispanic or Latino,2186-5,2020,2020,40
,8th grade or less,1,Unmarried,2,White,2106-3,Not Hispanic or Latino,2186-5,2021,2021,46
,9th through 12th grade with no diploma,2,Married,1,American Indian or Alaska Native,1002-5,Not Hispanic or Latino,2186-5,2018,2018,14
,9th through 12th grade with no diploma,2,Married,1,American Indian or Alaska Native,1002-5,Not Hispanic or Latino,2186-5,2019,2019,12
,9th through 12th grade with no diploma,2,Married,1,American Indian or Alaska Native,1002-5,Not Hispanic or Latino,2186-5,2021,2021,16
,9th through 12th grade with no diploma,2,Married,1,Asian,A,Not Hispanic or Latino,2186-5,2018,2018,145
,9th through 12th grade with no diploma,2,Married,1,Asian,A,Not Hispanic or Latino,2186-5,2019,2019,122
,9th through 12th grade with no diploma,2,Married,1,Asian,A,Not Hispanic or Latino,2186-5,2020,2020,97
,9th through 12th grade with no diploma,2,Married,1,Asian,A,Not Hispanic or Latino,2186-5,2021,2021,85
,9th through 12th grade with no diploma,2,Married,1,Black or African American,2054-5,Hispanic or Latino,2135-2,2018,2018,15
,9th through 12th grade with no diploma,2,Married,1,Black or African American,2054-5,Hispanic or Latino,2135-2,2021,2021,13
,9th through 12th grade with no diploma,2,Married,1,Black or African American,2054-5,Not Hispanic or Latino,2186-5,2018,2018,97
,9th through 12th grade with no diploma,2,Married,1,Black or African American,2054-5,Not Hispanic or Latino,2186-5,2019,2019,101
,9th through 12th grade with no diploma,2,Married,1,Black or African American,2054-5,Not Hispanic or Latino,2186-5,2020,2020,80
,9th through 12th grade with no diploma,2,Married,1,Black or African American,2054-5,Not Hispanic or Latino,2186-5,2021,2021,93
,9th through 12th grade with no diploma,2,Married,1,White,2106-3,Hispanic or Latino,2135-2,2018,2018,382
,9th through 12th grade with no diploma,2,Married,1,White,2106-3,Hispanic or Latino,2135-2,2019,2019,335
,9th through 12th grade with no diploma,2,Married,1,White,2106-3,Hispanic or Latino,2135-2,2020,2020,280
,9th through 12th grade with no diploma,2,Married,1,White,2106-3,Hispanic or Latino,2135-2,2021,2021,273
,9th through 12th grade with no diploma,2,Married,1,White,2106-3,Not Hispanic or Latino,2186-5,2018,2018,290
,9th through 12th grade with no diploma,2,Married,1,White,2106-3,Not Hispanic or Latino,2186-5,2019,2019,278
,9th through 12th grade with no diploma,2,Married,1,White,2106-3,Not Hispanic or Latino,2186-5,2020,2020,233
,9th through 12th grade with no diploma,2,Married,1,White,2106-3,Not Hispanic or Latino,2186-5,2021,2021,283
,9th through 12th grade with no diploma,2,Married,1,More than one race,M,Not Hispanic or Latino,2186-5,2018,2018,17
,9th through 12th grade with no diploma,2,Married,1,More than one race,M,Not Hispanic or Latino,2186-5,2019,2019,15
,9th through 12th grade with no diploma,2,Married,1,More than one race,M,Not Hispanic or Latino,2186-5,2020,2020,19
,9th through 12th grade with no diploma,2,Married,1,More than one race,M,Not Hispanic or Latino,2186-5,2021,2021,10
,9th through 12th grade with no diploma,2,Unmarried,2,American Indian or Alaska Native,1002-5,Hispanic or Latino,2135-2,2018,2018,11
,9th through 12th grade with no diploma,2,Unmarried,2,American Indian or Alaska Native,1002-5,Hispanic or Latino,2135-2,2019,2019,11
,9th through 12th grade with no diploma,2,Unmarried,2,American Indian or Alaska Native,1002-5,Hispanic or Latino,2135-2,2021,2021,13
,9th through 12th grade with no diploma,2,Unmarried,2,American Indian or Alaska Native,1002-5,Not Hispanic or Latino,2186-5,2018,2018,80
,9th through 12th grade with no diploma,2,Unmarried,2,American Indian or Alaska Native,1002-5,Not Hispanic or Latino,2186-5,2019,2019,72
,9th through 12th grade with no diploma,2,Unmarried,2,American Indian or Alaska Native,1002-5,Not Hispanic or Latino,2186-5,2020,2020,70
,9th through 12th grade with no diploma,2,Unmarried,2,American Indian or Alaska Native,1002-5,Not Hispanic or Latino,2186-5,2021,2021,78
,9th through 12th grade with no diploma,2,Unmarried,2,Asian,A,Not Hispanic or Latino,2186-5,2018,2018,28
,9th through 12th grade with no diploma,2,Unmarried,2,Asian,A,Not Hispanic or Latino,2186-5,2019,2019,29
,9th through 12th grade with no diploma,2,Unmarried,2,Asian,A,Not Hispanic or Latino,2186-5,2020,2020,22
,9th through 12th grade with no diploma,2,Unmarried,2,Asian,A,Not Hispanic or Latino,2186-5,2021,2021,26
,9th through 12th grade with no diploma,2,Unmarried,2,Black or African American,2054-5,Hispanic or Latino,2135-2,2018,2018,54
,9th through 12th grade with no diploma,2,Unmarried,2,Black or African American,2054-5,Hispanic or Latino,2135-2,2019,2019,36
,9th through 12th grade with no diploma,2,Unmarried,2,Black or African American,2054-5,Hispanic or Latino,2135-2,2020,2020,29
,9th through 12th grade with no diploma,2,Unmarried,2,Black or African American,2054-5,Hispanic or Latino,2135-2,2021,2021,54
,9th through 12th grade with no diploma,2,Unmarried,2,Black or African American,2054-5,Not Hispanic or Latino,2186-5,2018,2018,432
,9th through 12th grade with no diploma,2,Unmarried,2,Black or African American,2054-5,Not Hispanic or Latino,2186-5,2019,2019,443
,9th through 12th grade with no diploma,2,Unmarried,2,Black or African American,2054-5,Not Hispanic or Latino,2186-5,2020,2020,381
,9th through 12th grade with no diploma,2,Unmarried,2,Black or African American,2054-5,Not Hispanic or Latino,2186-5,2021,2021,355
,9th through 12th grade with no diploma,2,Unmarried,2,Native Hawaiian or Other Pacific Islander,NHOPI,Not Hispanic or Latino,2186-5,2018,2018,16
,9th through 12th grade with no diploma,2,Unmarried,2,Native Hawaiian or Other Pacific Islander,NHOPI,Not Hispanic or Latino,2186-5,2019,2019,14
,9th through 12th grade with no diploma,2,Unmarried,2,Native Hawaiian or Other Pacific Islander,NHOPI,Not Hispanic or Latino,2186-5,2020,2020,17
,9th through 12th grade with no diploma,2,Unmarried,2,Native Hawaiian or Other Pacific Islander,NHOPI,Not Hispanic or Latino,2186-5,2021,2021,23
,9th through 12th grade with no diploma,2,Unmarried,2,White,2106-3,Hispanic or Latino,2135-2,2018,2018,599
,9th through 12th grade with no diploma,2,Unmarried,2,White,2106-3,Hispanic or Latino,2135-2,2019,2019,543
,9th through 12th grade with no diploma,2,Unmarried,2,White,2106-3,Hispanic or Latino,2135-2,2020,2020,455
,9th through 12th grade with no diploma,2,Unmarried,2,White,2106-3,Hispanic or Latino,2135-2,2021,2021,476
,9th through 12th grade with no diploma,2,Unmarried,2,White,2106-3,Not Hispanic or Latino,2186-5,2018,2018,517
,9th through 12th grade with no diploma,2,Unmarried,2,White,2106-3,Not Hispanic or Latino,2186-5,2019,2019,561
,9th through 12th grade with no diploma,2,Unmarried,2,White,2106-3,Not Hispanic or Latino,2186-5,2020,2020,605
,9th through 12th grade with no diploma,2,Unmarried,2,White,2106-3,Not Hispanic or Latino,2186-5,2021,2021,566
,9th through 12th grade with no diploma,2,Unmarried,2,White,2106-3,Unknown or Not Stated,9,2020,2020,10
,9th through 12th grade with no diploma,2,Unmarried,2,More than one race,M,Hispanic or Latino,2135-2,2019,2019,12
,9th through 12th grade with no diploma,2,Unmarried,2,More than one race,M,Not Hispanic or Latino,2186-5,2018,2018,48
,9th through 12th grade with no diploma,2,Unmarried,2,More than one race,M,Not Hispanic or Latino,2186-5,2019,2019,51
,9th through 12th grade with no diploma,2,Unmarried,2,More than one race,M,Not Hispanic or Latino,2186-5,2020,2020,43
,9th through 12th grade with no diploma,2,Unmarried,2,More than one race,M,Not Hispanic or Latino,2186-5,2021,2021,47
,High school graduate or GED completed,3,Married,1,American Indian or Alaska Native,1002-5,Hispanic or Latino,2135-2,2018,2018,12
,High school graduate or GED completed,3,Married,1,American Indian or Alaska Native,1002-5,Hispanic or Latino,2135-2,2020,2020,10
,High school graduate or GED completed,3,Married,1,American Indian or Alaska Native,1002-5,Hispanic or Latino,2135-2,2021,2021,11
,High school graduate or GED completed,3,Married,1,American Indian or Alaska Native,1002-5,Not Hispanic or Latino,2186-5,2018,2018,36
,High school graduate or GED completed,3,Married,1,American Indian or Alaska Native,1002-5,Not Hispanic or Latino,2186-5,2019,2019,37
,High school graduate or GED completed,3,Married,1,American Indian or Alaska Native,1002-5,Not Hispanic or Latino,2186-5,2020,2020,35
,High school graduate or GED completed,3,Married,1,American Indian or Alaska Native,1002-5,Not Hispanic or Latino,2186-5,2021,2021,43
,High school graduate or GED completed,3,Married,1,Asian,A,Not Hispanic or Latino,2186-5,2018,2018,335
,High school graduate or GED completed,3,Married,1,Asian,A,Not Hispanic or Latino,2186-5,2019,2019,352
,High school graduate or GED completed,3,Married,1,Asian,A,Not Hispanic or Latino,2186-5,2020,2020,304
,High school graduate or GED completed,3,Married,1,Asian,A,Not Hispanic or Latino,2186-5,2021,2021,265
,High school graduate or GED completed,3,Married,1,Black or African American,2054-5,Hispanic or Latino,2135-2,2018,2018,33
,High school graduate or GED completed,3,Married,1,Black or African American,2054-5,Hispanic or Latino,2135-2,2019,2019,39
,High school graduate or GED completed,3,Married,1,Black or African American,2054-5,Hispanic or Latino,2135-2,2020,2020,42
,High school graduate or GED completed,3,Married,1,Black or African American,2054-5,Hispanic or Latino,2135-2,2021,2021,41
,High school graduate or GED completed,3,Married,1,Black or African American,2054-5,Not Hispanic or Latino,2186-5,2018,2018,398
,High school graduate or GED completed,3,Married,1,Black or African American,2054-5,Not Hispanic or Latino,2186-5,2019,2019,389
,High school graduate or GED completed,3,Married,1,Black or African American,2054-5,Not Hispanic or Latino,2186-5,2020,2020,354
,High school graduate or GED completed,3,Married,1,Black or African American,2054-5,Not Hispanic or Latino,2186-5,2021,2021,394
,High school graduate or GED completed,3,Married,1,Native Hawaiian or Other Pacific Islander,NHOPI,Not Hispanic or Latino,2186-5,2018,2018,16
,High school graduate or GED completed,3,Married,1,Native Hawaiian or Other Pacific Islander,NHOPI,Not Hispanic or Latino,2186-5,2019,2019,19
,High school graduate or GED completed,3,Married,1,Native Hawaiian or Other Pacific Islander,NHOPI,Not Hispanic or Latino,2186-5,2020,2020,22
,High school graduate or GED completed,3,Married,1,Native Hawaiian or Other Pacific Islander,NHOPI,Not Hispanic or Latino,2186-5,2021,2021,19
,High school graduate or GED completed,3,Married,1,White,2106-3,Hispanic or Latino,2135-2,2018,2018,849
,High school graduate or GED completed,3,Married,1,White,2106-3,Hispanic or Latino,2135-2,2019,2019,806
,High school graduate or GED completed,3,Married,1,White,2106-3,Hispanic or Latino,2135-2,2020,2020,780
,High school graduate or GED completed,3,Married,1,White,2106-3,Hispanic or Latino,2135-2,2021,2021,714
,High school graduate or GED completed,3,Married,1,White,2106-3,Not Hispanic or Latino,2186-5,2018,2018,2019
,High school graduate or GED completed,3,Married,1,White,2106-3,Not Hispanic or Latino,2186-5,2019,2019,2049
,High school graduate or GED completed,3,Married,1,White,2106-3,Not Hispanic or Latino,2186-5,2020,2020,1897
,High school graduate or GED completed,3,Married,1,White,2106-3,Not Hispanic or Latino,2186-5,2021,2021,2029
,High school graduate or GED completed,3,Married,1,White,2106-3,Unknown or Not Stated,9,2019,2019,17
,High school graduate or GED completed,3,Married,1,More than one race,M,Hispanic or Latino,2135-2,2019,2019,12
,High school graduate or GED completed,3,Married,1,More than one race,M,Hispanic or Latino,2135-2,2021,2021,13
,High school graduate or GED completed,3,Married,1,More than one race,M,Not Hispanic or Latino,2186-5,2018,2018,56
,High school graduate or GED completed,3,Married,1,More than one race,M,Not Hispanic or Latino,2186-5,2019,2019,64
,High school graduate or GED completed,3,Married,1,More than one race,M,Not Hispanic or Latino,2186-5,2020,2020,62
,High school graduate or GED completed,3,Married,1,More than one race,M,Not Hispanic or Latino,2186-5,2021,2021,60
,High school graduate or GED completed,3,Unmarried,2,American Indian or Alaska Native,1002-5,Hispanic or Latino,2135-2,2018,2018,16
,High school graduate or GED completed,3,Unmarried,2,American Indian or Alaska Native,1002-5,Hispanic or Latino,2135-2,2019,2019,22
,High school graduate or GED completed,3,Unmarried,2,American Indian or Alaska Native,1002-5,Hispanic or Latino,2135-2,2020,2020,14
,High school graduate or GED completed,3,Unmarried,2,American Indian or Alaska Native,1002-5,Hispanic or Latino,2135-2,2021,2021,18
,High school graduate or GED completed,3,Unmarried,2,American Indian or Alaska Native,1002-5,Not Hispanic or Latino,2186-5,2018,2018,157
,High school graduate or GED completed,3,Unmarried,2,American Indian or Alaska Native,1002-5,Not Hispanic or Latino,2186-5,2019,2019,141
,High school graduate or GED completed,3,Unmarried,2,American Indian or Alaska Native,1002-5,Not Hispanic or Latino,2186-5,2020,2020,146
,High school graduate or GED completed,3,Unmarried,2,American Indian or Alaska Native,1002-5,Not Hispanic or Latino,2186-5,2021,2021,169
,High school graduate or GED completed,3,Unmarried,2,Asian,A,Hispanic or Latino,2135-2,2019,2019,10
,High school graduate or GED completed,3,Unmarried,2,Asian,A,Hispanic or Latino,2135-2,2021,2021,10
,High school graduate or GED completed,3,Unmarried,2,Asian,A,Not Hispanic or Latino,2186-5,2018,2018,107
,High school graduate or GED completed,3,Unmarried,2,Asian,A,Not Hispanic or Latino,2186-5,2019,2019,92
,High school graduate or GED completed,3,Unmarried,2,Asian,A,Not Hispanic or Latino,2186-5,2020,2020,94
,High school graduate or GED completed,3,Unmarried,2,Asian,A,Not Hispanic or Latino,2186-5,2021,2021,98
,High school graduate or GED completed,3,Unmarried,2,Black or African American,2054-5,Hispanic or Latino,2135-2,2018,2018,83
,High school graduate or GED completed,3,Unmarried,2,Black or African American,2054-5,Hispanic or Latino,2135-2,2019,2019,112
,High school graduate or GED completed,3,Unmarried,2,Black or African American,2054-5,Hispanic or Latino,2135-2,2020,2020,100
,High school graduate or GED completed,3,Unmarried,2,Black or African American,2054-5,Hispanic or Latino,2135-2,2021,2021,126
,High school graduate or GED completed,3,Unmarried,2,Black or African American,2054-5,Not Hispanic or Latino,2186-5,2018,2018,1490
,High school graduate or GED completed,3,Unmarried,2,Black or African American,2054-5,Not Hispanic or Latino,2186-5,2019,2019,1565
,High school graduate or GED completed,3,Unmarried,2,Black or African American,2054-5,Not Hispanic or Latino,2186-5,2020,2020,1533
,High school graduate or GED completed,3,Unmarried,2,Black or African American,2054-5,Not Hispanic or Latino,2186-5,2021,2021,1578
,High school graduate or GED completed,3,Unmarried,2,Native Hawaiian or Other Pacific Islander,NHOPI,Not Hispanic or Latino,2186-5,2018,2018,28
,High school graduate or GED completed,3,Unmarried,2,Native Hawaiian or Other Pacific Islander,NHOPI,Not Hispanic or Latino,2186-5,2019,2019,27
,High school graduate or GED completed,3,Unmarried,2,Native Hawaiian or Other Pacific Islander,NHOPI,Not Hispanic or Latino,2186-5,2020,2020,32
,High school graduate or GED completed,3,Unmarried,2,Native Hawaiian or Other Pacific Islander,NHOPI,Not Hispanic or Latino,2186-5,2021,2021,37
,High school graduate or GED completed,3,Unmarried,2,White,2106-3,Hispanic or Latino,2135-2,2018,2018,1139
,High school graduate or GED completed,3,Unmarried,2,White,2106-3,Hispanic or Latino,2135-2,2019,2019,1150
,High school graduate or GED completed,3,Unmarried,2,White,2106-3,Hispanic or Latino,2135-2,2020,2020,1016
,High school graduate or GED completed,3,Unmarried,2,White,2106-3,Hispanic or Latino,2135-2,2021,2021,1157
,High school graduate or GED completed,3,Unmarried,2,White,2106-3,Not Hispanic or Latino,2186-5,2018,2018,2103
,High school graduate or GED completed,3,Unmarried,2,White,2106-3,Not Hispanic or Latino,2186-5,2019,2019,2183
,High school graduate or GED completed,3,Unmarried,2,White,2106-3,Not Hispanic or Latino,2186-5,2020,2020,2071
,High school graduate or GED completed,3,Unmarried,2,White,2106-3,Not Hispanic or Latino,2186-5,2021,2021,2182
,High school graduate or GED completed,3,Unmarried,2,White,2106-3,Unknown or Not Stated,9,2018,2018,10
,High school graduate or GED completed,3,Unmarried,2,White,2106-3,Unknown or Not Stated,9,2019,2019,16
,High school graduate or GED completed,3,Unmarried,2,White,2106-3,Unknown or Not Stated,9,2020,2020,10
,High school graduate or GED completed,3,Unmarried,2,White,2106-3,Unknown or Not Stated,9,2021,2021,14
,High school graduate or GED completed,3,Unmarried,2,More than one race,M,Hispanic or Latino,2135-2,2018,2018,24
,High school graduate or GED completed,3,Unmarried,2,More than one race,M,Hispanic or Latino,2135-2,2019,2019,14
,High school graduate or GED completed,3,Unmarried,2,More than one race,M,Hispanic or Latino,2135-2,2020,2020,30
,High school graduate or GED completed,3,Unmarried,2,More than one race,M,Hispanic or Latino,2135-2,2021,2021,19
,High school graduate or GED completed,3,Unmarried,2,More than one race,M,Not Hispanic or Latino,2186-5,2018,2018,116
,High school graduate or GED completed,3,Unmarried,2,More than one race,M,Not Hispanic or Latino,2186-5,2019,2019,136
,High school graduate or GED completed,3,Unmarried,2,More than one race,M,Not Hispanic or Latino,2186-5,2020,2020,154
,High school graduate or GED completed,3,Unmarried,2,More than one race,M,Not Hispanic or Latino,2186-5,2021,2021,137
,"Some college credit, but not a degree",4,Married,1,American Indian or Alaska Native,1002-5,Hispanic or Latino,2135-2,2021,2021,10
,"Some college credit, but not a degree",4,Married,1,American Indian or Alaska Native,1002-5,Not Hispanic or Latino,2186-5,2018,2018,39
,"Some college credit, but not a degree",4,Married,1,American Indian or Alaska Native,1002-5,Not Hispanic or Latino,2186-5,2019,2019,35
,"Some college credit, but not a degree",4,Married,1,American Indian or Alaska Native,1002-5,Not Hispanic or Latino,2186-5,2020,2020,30
,"Some college credit, but not a degree",4,Married,1,American Indian or Alaska Native,1002-5,Not Hispanic or Latino,2186-5,2021,2021,33
,"Some college credit, but not a degree",4,Married,1,Asian,A,Hispanic or Latino,2135-2,2018,2018,10
,"Some college credit, but not a degree",4,Married,1,Asian,A,Not Hispanic or Latino,2186-5,2018,2018,222
,"Some college credit, but not a degree",4,Married,1,Asian,A,Not Hispanic or Latino,2186-5,2019,2019,237
,"Some college credit, but not a degree",4,Married,1,Asian,A,Not Hispanic or Latino,2186-5,2020,2020,193
,"Some college credit, but not a degree",4,Married,1,Asian,A,Not Hispanic or Latino,2186-5,2021,2021,213
,"Some college credit, but not a degree",4,Married,1,Black or African American,2054-5,Hispanic or Latino,2135-2,2018,2018,30
,"Some college credit, but not a degree",4,Married,1,Black or African American,2054-5,Hispanic or Latino,2135-2,2019,2019,35
,"Some college credit, but not a degree",4,Married,1,Black or African American,2054-5,Hispanic or Latino,2135-2,2020,2020,24
,"Some college credit, but not a degree",4,Married,1,Black or African American,2054-5,Hispanic or Latino,2135-2,2021,2021,44
,"Some college credit, but not a degree",4,Married,1,Black or African American,2054-5,Not Hispanic or Latino,2186-5,2018,2018,375
,"Some college credit, but not a degree",4,Married,1,Black or African American,2054-5,Not Hispanic or Latino,2186-5,2019,2019,394
,"Some college credit, but not a degree",4,Married,1,Black or African American,2054-5,Not Hispanic or Latino,2186-5,2020,2020,355
,"Some college credit, but not a degree",4,Married,1,Black or African American,2054-5,Not Hispanic or Latino,2186-5,2021,2021,366
,"Some college credit, but not a degree",4,Married,1,Native Hawaiian or Other Pacific Islander,NHOPI,Not Hispanic or Latino,2186-5,2018,2018,12
,"Some college credit, but not a degree",4,Married,1,Native Hawaiian or Other Pacific Islander,NHOPI,Not Hispanic or Latino,2186-5,2019,2019,12
,"Some college credit, but not a degree",4,Married,1,Native Hawaiian or Other Pacific Islander,NHOPI,Not Hispanic or Latino,2186-5,2020,2020,11
,"Some college credit, but not a degree",4,Married,1,Native Hawaiian or Other Pacific Islander,NHOPI,Not Hispanic or Latino,2186-5,2021,2021,21
,"Some college credit, but not a degree",4,Married,1,White,2106-3,Hispanic or Latino,2135-2,2018,2018,597
,"Some college credit, but not a degree",4,Married,1,White,2106-3,Hispanic or Latino,2135-2,2019,2019,574
,"Some college credit, but not a degree",4,Married,1,White,2106-3,Hispanic or Latino,2135-2,2020,2020,572
,"Some college credit, but not a degree",4,Married,1,White,2106-3,Hispanic or Latino,2135-2,2021,2021,586
,"Some college credit, but not a degree",4,Married,1,White,2106-3,Not Hispanic or Latino,2186-5,2018,2018,2667
,"Some college credit, but not a degree",4,Married,1,White,2106-3,Not Hispanic or Latino,2186-5,2019,2019,2515
,"Some college credit, but not a degree",4,Married,1,White,2106-3,Not Hispanic or Latino,2186-5,2020,2020,2368
,"Some college credit, but not a degree",4,Married,1,White,2106-3,Not Hispanic or Latino,2186-5,2021,2021,2313
,"Some college credit, but not a degree",4,Married,1,White,2106-3,Unknown or Not Stated,9,2019,2019,14
,"Some college credit, but not a degree",4,Married,1,More than one race,M,Hispanic or Latino,2135-2,2019,2019,18
,"Some college credit, but not a degree",4,Married,1,More than one race,M,Not Hispanic or Latino,2186-5,2018,2018,95
,"Some college credit, but not a degree",4,Married,1,More than one race,M,Not Hispanic or Latino,2186-5,2019,2019,90
,"Some college credit, but not a degree",4,Married,1,More than one race,M,Not Hispanic or Latino,2186-5,2020,2020,84
,"Some college credit, but not a degree",4,Married,1,More than one race,M,Not Hispanic or Latino,2186-5,2021,2021,92
,"Some college credit, but not a degree",4,Unmarried,2,American Indian or Alaska Native,1002-5,Hispanic or Latino,2135-2,2018,2018,11
,"Some college credit, but not a degree",4,Unmarried,2,American Indian or Alaska Native,1002-5,Hispanic or Latino,2135-2,2019,2019,11
,"Some college credit, but not a degree",4,Unmarried,2,American Indian or Alaska Native,1002-5,Hispanic or Latino,2135-2,2020,2020,13
,"Some college credit, but not a degree",4,Unmarried,2,American Indian or Alaska Native,1002-5,Not Hispanic or Latino,2186-5,2018,2018,71
,"Some college credit, but not a degree",4,Unmarried,2,American Indian or Alaska Native,1002-5,Not Hispanic or Latino,2186-5,2019,2019,78
,"Some college credit, but not a degree",4,Unmarried,2,American Indian or Alaska Native,1002-5,Not Hispanic or Latino,2186-5,2020,2020,59
,"Some college credit, but not a degree",4,Unmarried,2,American Indian or Alaska Native,1002-5,Not Hispanic or Latino,2186-5,2021,2021,78
,"Some college credit, but not a degree",4,Unmarried,2,Asian,A,Not Hispanic or Latino,2186-5,2018,2018,91
,"Some college credit, but not a degree",4,Unmarried,2,Asian,A,Not Hispanic or Latino,2186-5,2019,2019,63
,"Some college credit, but not a degree",4,Unmarried,2,Asian,A,Not Hispanic or Latino,2186-5,2020,2020,57
,"Some college credit, but not a degree",4,Unmarried,2,Asian,A,Not Hispanic or Latino,2186-5,2021,2021,67
,"Some college credit, but not a degree",4,Unmarried,2,Black or African American,2054-5,Hispanic or Latino,2135-2,2018,2018,74
,"Some college credit, but not a degree",4,Unmarried,2,Black or African American,2054-5,Hispanic or Latino,2135-2,2019,2019,70
,"Some college credit, but not a degree",4,Unmarried,2,Black or African American,2054-5,Hispanic or Latino,2135-2,2020,2020,72
,"Some college credit, but not a degree",4,Unmarried,2,Black or African American,2054-5,Hispanic or Latino,2135-2,2021,2021,88
,"Some college credit, but not a degree",4,Unmarried,2,Black or African American,2054-5,Not Hispanic or Latino,2186-5,2018,2018,972
,"Some college credit, but not a degree",4,Unmarried,2,Black or African American,2054-5,Not Hispanic or Latino,2186-5,2019,2019,978
,"Some college credit, but not a degree",4,Unmarried,2,Black or African American,2054-5,Not Hispanic or Latino,2186-5,2020,2020,915
,"Some college credit, but not a degree",4,Unmarried,2,Black or African American,2054-5,Not Hispanic or Latino,2186-5,2021,2021,922
,"Some college credit, but not a degree",4,Unmarried,2,Native Hawaiian or Other Pacific Islander,NHOPI,Not Hispanic or Latino,2186-5,2018,2018,11
,"Some college credit, but not a degree",4,Unmarried,2,Native Hawaiian or Other Pacific Islander,NHOPI,Not Hispanic or Latino,2186-5,2019,2019,13
,"Some college credit, but not a degree",4,Unmarried,2,Native Hawaiian or Other Pacific Islander,NHOPI,Not Hispanic or Latino,2186-5,2021,2021,16
,"Some college credit, but not a degree",4,Unmarried,2,White,2106-3,Hispanic or Latino,2135-2,2018,2018,556
,"Some college credit, but not a degree",4,Unmarried,2,White,2106-3,Hispanic or Latino,2135-2,2019,2019,569
,"Some college credit, but not a degree",4,Unmarried,2,White,2106-3,Hispanic or Latino,2135-2,2020,2020,543
,"Some college credit, but not a degree",4,Unmarried,2,White,2106-3,Hispanic or Latino,2135-2,2021,2021,569
,"Some college credit, but not a degree",4,Unmarried,2,White,2106-3,Not Hispanic or Latino,2186-5,2018,2018,1594
,"Some college credit, but not a degree",4,Unmarried,2,White,2106-3,Not Hispanic or Latino,2186-5,2019,2019,1519
,"Some college credit, but not a degree",4,Unmarried,2,White,2106-3,Not Hispanic or Latino,2186-5,2020,2020,1368
,"Some college credit, but not a degree",4,Unmarried,2,White,2106-3,Not Hispanic or Latino,2186-5,2021,2021,1413
,"Some college credit, but not a degree",4,Unmarried,2,More than one race,M,Hispanic or Latino,2135-2,2018,2018,26
,"Some college credit, but not a degree",4,Unmarried,2,More than one race,M,Hispanic or Latino,2135-2,2019,2019,16
,"Some college credit, but not a degree",4,Unmarried,2,More than one race,M,Hispanic or Latino,2135-2,2020,2020,26
,"Some college credit, but not a degree",4,Unmarried,2,More than one race,M,Hispanic or Latino,2135-2,2021,2021,22
,"Some college credit, but not a degree",4,Unmarried,2,More than one race,M,Not Hispanic or Latino,2186-5,2018,2018,114
,"Some college credit, but not a degree",4,Unmarried,2,More than one race,M,Not Hispanic or Latino,2186-5,2019,2019,113
,"Some college credit, but not a degree",4,Unmarried,2,More than one race,M,Not Hispanic or Latino,2186-5,2020,2020,104
,"Some college credit, but not a degree",4,Unmarried,2,More than one race,M,Not Hispanic or Latino,2186-5,2021,2021,123
,"Associate degree (AA, AS)",5,Married,1,American Indian or Alaska Native,1002-5,Not Hispanic or Latino,2186-5,2018,2018,19
,"Associate degree (AA, AS)",5,Married,1,American Indian or Alaska Native,1002-5,Not Hispanic or Latino,2186-5,2019,2019,12
,"Associate degree (AA, AS)",5,Married,1,American Indian or Alaska Native,1002-5,Not Hispanic or Latino,2186-5,2020,2020,12
,"Associate degree (AA, AS)",5,Married,1,American Indian or Alaska Native,1002-5,Not Hispanic or Latino,2186-5,2021,2021,19
,"Associate degree (AA, AS)",5,Married,1,Asian,A,Not Hispanic or Latino,2186-5,2018,2018,185
,"Associate degree (AA, AS)",5,Married,1,Asian,A,Not Hispanic or Latino,2186-5,2019,2019,182
,"Associate degree (AA, AS)",5,Married,1,Asian,A,Not Hispanic or Latino,2186-5,2020,2020,169
,"Associate degree (AA, AS)",5,Married,1,Asian,A,Not Hispanic or Latino,2186-5,2021,2021,136
,"Associate degree (AA, AS)",5,Married,1,Black or African American,2054-5,Hispanic or Latino,2135-2,2018,2018,17
,"Associate degree (AA, AS)",5,Married,1,Black or African American,2054-5,Hispanic or Latino,2135-2,2019,2019,17
,"Associate degree (AA, AS)",5,Married,1,Black or African American,2054-5,Hispanic or Latino,2135-2,2020,2020,14
,"Associate degree (AA, AS)",5,Married,1,Black or African American,2054-5,Hispanic or Latino,2135-2,2021,2021,17
,"Associate degree (AA, AS)",5,Married,1,Black or African American,2054-5,Not Hispanic or Latino,2186-5,2018,2018,182
,"Associate degree (AA, AS)",5,Married,1,Black or African American,2054-5,Not Hispanic or Latino,2186-5,2019,2019,182
,"Associate degree (AA, AS)",5,Married,1,Black or African American,2054-5,Not Hispanic or Latino,2186-5,2020,2020,192
,"Associate degree (AA, AS)",5,Married,1,Black or African American,2054-5,Not Hispanic or Latino,2186-5,2021,2021,212
,"Associate degree (AA, AS)",5,Married,1,White,2106-3,Hispanic or Latino,2135-2,2018,2018,264
,"Associate degree (AA, AS)",5,Married,1,White,2106-3,Hispanic or Latino,2135-2,2019,2019,291
,"Associate degree (AA, AS)",5,Married,1,White,2106-3,Hispanic or Latino,2135-2,2020,2020,287
,"Associate degree (AA, AS)",5,Married,1,White,2106-3,Hispanic or Latino,2135-2,2021,2021,258
,"Associate degree (AA, AS)",5,Married,1,White,2106-3,Not Hispanic or Latino,2186-5,2018,2018,2019
,"Associate degree (AA, AS)",5,Married,1,White,2106-3,Not Hispanic or Latino,2186-5,2019,2019,1947
,"Associate degree (AA, AS)",5,Married,1,White,2106-3,Not Hispanic or Latino,2186-5,2020,2020,1815
,"Associate degree (AA, AS)",5,Married,1,White,2106-3,Not Hispanic or Latino,2186-5,2021,2021,1861
,"Associate degree (AA, AS)",5,Married,1,White,2106-3,Unknown or Not Stated,9,2021,2021,10
,"Associate degree (AA, AS)",5,Married,1,More than one race,M,Not Hispanic or Latino,2186-5,2018,2018,36
,"Associate degree (AA, AS)",5,Married,1,More than one race,M,Not Hispanic or Latino,2186-5,2019,2019,35
,"Associate degree (AA, AS)",5,Married,1,More than one race,M,Not Hispanic or Latino,2186-5,2020,2020,49
,"Associate degree (AA, AS)",5,Married,1,More than one race,M,Not Hispanic or Latino,2186-5,2021,2021,47
,"Associate degree (AA, AS)",5,Unmarried,2,American Indian or Alaska Native,1002-5,Not Hispanic or Latino,2186-5,2018,2018,17
,"Associate degree (AA, AS)",5,Unmarried,2,American Indian or Alaska Native,1002-5,Not Hispanic or Latino,2186-5,2019,2019,14
,"Associate degree (AA, AS)",5,Unmarried,2,American Indian or Alaska Native,1002-5,Not Hispanic or Latino,2186-5,2020,2020,14
,"Associate degree (AA, AS)",5,Unmarried,2,American Indian or Alaska Native,1002-5,Not Hispanic or Latino,2186-5,2021,2021,12
,"Associate degree (AA, AS)",5,Unmarried,2,Asian,A,Not Hispanic or Latino,2186-5,2018,2018,23
,"Associate degree (AA, AS)",5,Unmarried,2,Asian,A,Not Hispanic or Latino,2186-5,2019,2019,31
,"Associate degree (AA, AS)",5,Unmarried,2,Asian,A,Not Hispanic or Latino,2186-5,2020,2020,36
,"Associate degree (AA, AS)",5,Unmarried,2,Asian,A,Not Hispanic or Latino,2186-5,2021,2021,38
,"Associate degree (AA, AS)",5,Unmarried,2,Black or African American,2054-5,Hispanic or Latino,2135-2,2018,2018,22
,"Associate degree (AA, AS)",5,Unmarried,2,Black or African American,2054-5,Hispanic or Latino,2135-2,2019,2019,25
,"Associate degree (AA, AS)",5,Unmarried,2,Black or African American,2054-5,Hispanic or Latino,2135-2,2020,2020,28
,"Associate degree (AA, AS)",5,Unmarried,2,Black or African American,2054-5,Hispanic or Latino,2135-2,2021,2021,26
,"Associate degree (AA, AS)",5,Unmarried,2,Black or African American,2054-5,Not Hispanic or Latino,2186-5,2018,2018,250
,"Associate degree (AA, AS)",5,Unmarried,2,Black or African American,2054-5,Not Hispanic or Latino,2186-5,2019,2019,269
,"Associate degree (AA, AS)",5,Unmarried,2,Black or African American,2054-5,Not Hispanic or Latino,2186-5,2020,2020,269
,"Associate degree (AA, AS)",5,Unmarried,2,Black or African American,2054-5,Not Hispanic or Latino,2186-5,2021,2021,286
,"Associate degree (AA, AS)",5,Unmarried,2,White,2106-3,Hispanic or Latino,2135-2,2018,2018,161
,"Associate degree (AA, AS)",5,Unmarried,2,White,2106-3,Hispanic or Latino,2135-2,2019,2019,166
,"Associate degree (AA, AS)",5,Unmarried,2,White,2106-3,Hispanic or Latino,2135-2,2020,2020,172
,"Associate degree (AA, AS)",5,Unmarried,2,White,2106-3,Hispanic or Latino,2135-2,2021,2021,192
,"Associate degree (AA, AS)",5,Unmarried,2,White,2106-3,Not Hispanic or Latino,2186-5,2018,2018,546
,"Associate degree (AA, AS)",5,Unmarried,2,White,2106-3,Not Hispanic or Latino,2186-5,2019,2019,511
,"Associate degree (AA, AS)",5,Unmarried,2,White,2106-3,Not Hispanic or Latino,2186-5,2020,2020,497
,"Associate degree (AA, AS)",5,Unmarried,2,White,2106-3,Not Hispanic or Latino,2186-5,2021,2021,535
,"Associate degree (AA, AS)",5,Unmarried,2,More than one race,M,Not Hispanic or Latino,2186-5,2018,2018,26
,"Associate degree (AA, AS)",5,Unmarried,2,More than one race,M,Not Hispanic or Latino,2186-5,2019,2019,24
,"Associate degree (AA, AS)",5,Unmarried,2,More than one race,M,Not Hispanic or Latino,2186-5,2020,2020,31
,"Associate degree (AA, AS)",5,Unmarried,2,More than one race,M,Not Hispanic or Latino,2186-5,2021,2021,30
,"Bachelor's degree (BA, AB, BS)",6,Married,1,American Indian or Alaska Native,1002-5,Not Hispanic or Latino,2186-5,2018,2018,11
,"Bachelor's degree (BA, AB, BS)",6,Married,1,American Indian or Alaska Native,1002-5,Not Hispanic or Latino,2186-5,2019,2019,15
,"Bachelor's degree (BA, AB, BS)",6,Married,1,American Indian or Alaska Native,1002-5,Not Hispanic or Latino,2186-5,2020,2020,11
,"Bachelor's degree (BA, AB, BS)",6,Married,1,American Indian or Alaska Native,1002-5,Not Hispanic or Latino,2186-5,2021,2021,18
,"Bachelor's degree (BA, AB, BS)",6,Married,1,Asian,A,Hispanic or Latino,2135-2,2018,2018,13
,"Bachelor's degree (BA, AB, BS)",6,Married,1,Asian,A,Hispanic or Latino,2135-2,2020,2020,12
,"Bachelor's degree (BA, AB, BS)",6,Married,1,Asian,A,Hispanic or Latino,2135-2,2021,2021,17
,"Bachelor's degree (BA, AB, BS)",6,Married,1,Asian,A,Not Hispanic or Latino,2186-5,2018,2018,1286
,"Bachelor's degree (BA, AB, BS)",6,Married,1,Asian,A,Not Hispanic or Latino,2186-5,2019,2019,1346
,"Bachelor's degree (BA, AB, BS)",6,Married,1,Asian,A,Not Hispanic or Latino,2186-5,2020,2020,1223
,"Bachelor's degree (BA, AB, BS)",6,Married,1,Asian,A,Not Hispanic or Latino,2186-5,2021,2021,1278
,"Bachelor's degree (BA, AB, BS)",6,Married,1,Black or African American,2054-5,Hispanic or Latino,2135-2,2018,2018,28
,"Bachelor's degree (BA, AB, BS)",6,Married,1,Black or African American,2054-5,Hispanic or Latino,2135-2,2019,2019,29
,"Bachelor's degree (BA, AB, BS)",6,Married,1,Black or African American,2054-5,Hispanic or Latino,2135-2,2020,2020,31
,"Bachelor's degree (BA, AB, BS)",6,Married,1,Black or African American,2054-5,Hispanic or Latino,2135-2,2021,2021,41
,"Bachelor's degree (BA, AB, BS)",6,Married,1,Black or African American,2054-5,Not Hispanic or Latino,2186-5,2018,2018,441
,"Bachelor's degree (BA, AB, BS)",6,Married,1,Black or African American,2054-5,Not Hispanic or Latino,2186-5,2019,2019,434
,"Bachelor's degree (BA, AB, BS)",6,Married,1,Black or African American,2054-5,Not Hispanic or Latino,2186-5,2020,2020,384
,"Bachelor's degree (BA, AB, BS)",6,Married,1,Black or African American,2054-5,Not Hispanic or Latino,2186-5,2021,2021,426
,"Bachelor's degree (BA, AB, BS)",6,Married,1,Native Hawaiian or Other Pacific Islander,NHOPI,Not Hispanic or Latino,2186-5,2018,2018,12
,"Bachelor's degree (BA, AB, BS)",6,Married,1,White,2106-3,Hispanic or Latino,2135-2,2018,2018,628
,"Bachelor's degree (BA, AB, BS)",6,Married,1,White,2106-3,Hispanic or Latino,2135-2,2019,2019,649
,"Bachelor's degree (BA, AB, BS)",6,Married,1,White,2106-3,Hispanic or Latino,2135-2,2020,2020,696
,"Bachelor's degree (BA, AB, BS)",6,Married,1,White,2106-3,Hispanic or Latino,2135-2,2021,2021,659
,"Bachelor's degree (BA, AB, BS)",6,Married,1,White,2106-3,Not Hispanic or Latino,2186-5,2018,2018,7202
,"Bachelor's degree (BA, AB, BS)",6,Married,1,White,2106-3,Not Hispanic or Latino,2186-5,2019,2019,7611
,"Bachelor's degree (BA, AB, BS)",6,Married,1,White,2106-3,Not Hispanic or Latino,2186-5,2020,2020,7047
,"Bachelor's degree (BA, AB, BS)",6,Married,1,White,2106-3,Not Hispanic or Latino,2186-5,2021,2021,7264
,"Bachelor's degree (BA, AB, BS)",6,Married,1,White,2106-3,Unknown or Not Stated,9,2018,2018,27
,"Bachelor's degree (BA, AB, BS)",6,Married,1,White,2106-3,Unknown or Not Stated,9,2019,2019,15
,"Bachelor's degree (BA, AB, BS)",6,Married,1,White,2106-3,Unknown or Not Stated,9,2020,2020,27
,"Bachelor's degree (BA, AB, BS)",6,Married,1,White,2106-3,Unknown or Not Stated,9,2021,2021,17
,"Bachelor's degree (BA, AB, BS)",6,Married,1,More than one race,M,Hispanic or Latino,2135-2,2018,2018,16
,"Bachelor's degree (BA, AB, BS)",6,Married,1,More than one race,M,Hispanic or Latino,2135-2,2019,2019,11
,"Bachelor's degree (BA, AB, BS)",6,Married,1,More than one race,M,Hispanic or Latino,2135-2,2020,2020,12
,"Bachelor's degree (BA, AB, BS)",6,Married,1,More than one race,M,Hispanic or Latino,2135-2,2021,2021,23
,"Bachelor's degree (BA, AB, BS)",6,Married,1,More than one race,M,Not Hispanic or Latino,2186-5,2018,2018,133
,"Bachelor's degree (BA, AB, BS)",6,Married,1,More than one race,M,Not Hispanic or Latino,2186-5,2019,2019,147
,"Bachelor's degree (BA, AB, BS)",6,Married,1,More than one race,M,Not Hispanic or Latino,2186-5,2020,2020,142
,"Bachelor's degree (BA, AB, BS)",6,Married,1,More than one race,M,Not Hispanic or Latino,2186-5,2021,2021,180
,"Bachelor's degree (BA, AB, BS)",6,Unmarried,2,American Indian or Alaska Native,1002-5,Not Hispanic or Latino,2186-5,2019,2019,13
,"Bachelor's degree (BA, AB, BS)",6,Unmarried,2,American Indian or Alaska Native,1002-5,Not Hispanic or Latino,2186-5,2021,2021,11
,"Bachelor's degree (BA, AB, BS)",6,Unmarried,2,Asian,A,Not Hispanic or Latino,2186-5,2018,2018,61
,"Bachelor's degree (BA, AB, BS)",6,Unmarried,2,Asian,A,Not Hispanic or Latino,2186-5,2019,2019,58
,"Bachelor's degree (BA, AB, BS)",6,Unmarried,2,Asian,A,Not Hispanic or Latino,2186-5,2020,2020,65
,"Bachelor's degree (BA, AB, BS)",6,Unmarried,2,Asian,A,Not Hispanic or Latino,2186-5,2021,2021,64
,"Bachelor's degree (BA, AB, BS)",6,Unmarried,2,Black or African American,2054-5,Hispanic or Latino,2135-2,2018,2018,22
,"Bachelor's degree (BA, AB, BS)",6,Unmarried,2,Black or African American,2054-5,Hispanic or Latino,2135-2,2019,2019,21
,"Bachelor's degree (BA, AB, BS)",6,Unmarried,2,Black or African American,2054-5,Hispanic or Latino,2135-2,2020,2020,26
,"Bachelor's degree (BA, AB, BS)",6,Unmarried,2,Black or African American,2054-5,Hispanic or Latino,2135-2,2021,2021,36
,"Bachelor's degree (BA, AB, BS)",6,Unmarried,2,Black or African American,2054-5,Not Hispanic or Latino,2186-5,2018,2018,290
,"Bachelor's degree (BA, AB, BS)",6,Unmarried,2,Black or African American,2054-5,Not Hispanic or Latino,2186-5,2019,2019,272
,"Bachelor's degree (BA, AB, BS)",6,Unmarried,2,Black or African American,2054-5,Not Hispanic or Latino,2186-5,2020,2020,276
,"Bachelor's degree (BA, AB, BS)",6,Unmarried,2,Black or African American,2054-5,Not Hispanic or Latino,2186-5,2021,2021,289
,"Bachelor's degree (BA, AB, BS)",6,Unmarried,2,White,2106-3,Hispanic or Latino,2135-2,2018,2018,204
,"Bachelor's degree (BA, AB, BS)",6,Unmarried,2,White,2106-3,Hispanic or Latino,2135-2,2019,2019,178
,"Bachelor's degree (BA, AB, BS)",6,Unmarried,2,White,2106-3,Hispanic or Latino,2135-2,2020,2020,191
,"Bachelor's degree (BA, AB, BS)",6,Unmarried,2,White,2106-3,Hispanic or Latino,2135-2,2021,2021,193
,"Bachelor's degree (BA, AB, BS)",6,Unmarried,2,White,2106-3,Not Hispanic or Latino,2186-5,2018,2018,546
,"Bachelor's degree (BA, AB, BS)",6,Unmarried,2,White,2106-3,Not Hispanic or Latino,2186-5,2019,2019,630
,"Bachelor's degree (BA, AB, BS)",6,Unmarried,2,White,2106-3,Not Hispanic or Latino,2186-5,2020,2020,563
,"Bachelor's degree (BA, AB, BS)",6,Unmarried,2,White,2106-3,Not Hispanic or Latino,2186-5,2021,2021,646
,"Bachelor's degree (BA, AB, BS)",6,Unmarried,2,More than one race,M,Hispanic or Latino,2135-2,2018,2018,10
,"Bachelor's degree (BA, AB, BS)",6,Unmarried,2,More than one race,M,Not Hispanic or Latino,2186-5,2018,2018,32
,"Bachelor's degree (BA, AB, BS)",6,Unmarried,2,More than one race,M,Not Hispanic or Latino,2186-5,2019,2019,33
,"Bachelor's degree (BA, AB, BS)",6,Unmarried,2,More than one race,M,Not Hispanic or Latino,2186-5,2020,2020,22
,"Bachelor's degree (BA, AB, BS)",6,Unmarried,2,More than one race,M,Not Hispanic or Latino,2186-5,2021,2021,34
,"Master's degree (MA, MS, MEng, MEd, MSW, MBA)",7,Married,1,Asian,A,Not Hispanic or Latino,2186-5,2018,2018,1089
,"Master's degree (MA, MS, MEng, MEd, MSW, MBA)",7,Married,1,Asian,A,Not Hispanic or Latino,2186-5,2019,2019,1094
,"Master's degree (MA, MS, MEng, MEd, MSW, MBA)",7,Married,1,Asian,A,Not Hispanic or Latino,2186-5,2020,2020,1008
,"Master's degree (MA, MS, MEng, MEd, MSW, MBA)",7,Married,1,Asian,A,Not Hispanic or Latino,2186-5,2021,2021,946
,"Master's degree (MA, MS, MEng, MEd, MSW, MBA)",7,Married,1,Black or African American,2054-5,Hispanic or Latino,2135-2,2020,2020,12
,"Master's degree (MA, MS, MEng, MEd, MSW, MBA)",7,Married,1,Black or African American,2054-5,Hispanic or Latino,2135-2,2021,2021,23
,"Master's degree (MA, MS, MEng, MEd, MSW, MBA)",7,Married,1,Black or African American,2054-5,Not Hispanic or Latino,2186-5,2018,2018,213
,"Master's degree (MA, MS, MEng, MEd, MSW, MBA)",7,Married,1,Black or African American,2054-5,Not Hispanic or Latino,2186-5,2019,2019,209
,"Master's degree (MA, MS, MEng, MEd, MSW, MBA)",7,Married,1,Black or African American,2054-5,Not Hispanic or Latino,2186-5,2020,2020,251
,"Master's degree (MA, MS, MEng, MEd, MSW, MBA)",7,Married,1,Black or African American,2054-5,Not Hispanic or Latino,2186-5,2021,2021,243
,"Master's degree (MA, MS, MEng, MEd, MSW, MBA)",7,Married,1,White,2106-3,Hispanic or Latino,2135-2,2018,2018,195
,"Master's degree (MA, MS, MEng, MEd, MSW, MBA)",7,Married,1,White,2106-3,Hispanic or Latino,2135-2,2019,2019,243
,"Master's degree (MA, MS, MEng, MEd, MSW, MBA)",7,Married,1,White,2106-3,Hispanic or Latino,2135-2,2020,2020,262
,"Master's degree (MA, MS, MEng, MEd, MSW, MBA)",7,Married,1,White,2106-3,Hispanic or Latino,2135-2,2021,2021,268
,"Master's degree (MA, MS, MEng, MEd, MSW, MBA)",7,Married,1,White,2106-3,Not Hispanic or Latino,2186-5,2018,2018,3882
,"Master's degree (MA, MS, MEng, MEd, MSW, MBA)",7,Married,1,White,2106-3,Not Hispanic or Latino,2186-5,2019,2019,3984
,"Master's degree (MA, MS, MEng, MEd, MSW, MBA)",7,Married,1,White,2106-3,Not Hispanic or Latino,2186-5,2020,2020,3809
,"Master's degree (MA, MS, MEng, MEd, MSW, MBA)",7,Married,1,White,2106-3,Not Hispanic or Latino,2186-5,2021,2021,3996
,"Master's degree (MA, MS, MEng, MEd, MSW, MBA)",7,Married,1,White,2106-3,Unknown or Not Stated,9,2018,2018,12
,"Master's degree (MA, MS, MEng, MEd, MSW, MBA)",7,Married,1,More than one race,M,Not Hispanic or Latino,2186-5,2018,2018,53
,"Master's degree (MA, MS, MEng, MEd, MSW, MBA)",7,Married,1,More than one race,M,Not Hispanic or Latino,2186-5,2019,2019,67
,"Master's degree (MA, MS, MEng, MEd, MSW, MBA)",7,Married,1,More than one race,M,Not Hispanic or Latino,2186-5,2020,2020,71
,"Master's degree (MA, MS, MEng, MEd, MSW, MBA)",7,Married,1,More than one race,M,Not Hispanic or Latino,2186-5,2021,2021,102
,"Master's degree (MA, MS, MEng, MEd, MSW, MBA)",7,Unmarried,2,Asian,A,Not Hispanic or Latino,2186-5,2018,2018,14
,"Master's degree (MA, MS, MEng, MEd, MSW, MBA)",7,Unmarried,2,Asian,A,Not Hispanic or Latino,2186-5,2019,2019,18
,"Master's degree (MA, MS, MEng, MEd, MSW, MBA)",7,Unmarried,2,Asian,A,Not Hispanic or Latino,2186-5,2020,2020,19
,"Master's degree (MA, MS, MEng, MEd, MSW, MBA)",7,Unmarried,2,Asian,A,Not Hispanic or Latino,2186-5,2021,2021,33
,"Master's degree (MA, MS, MEng, MEd, MSW, MBA)",7,Unmarried,2,Black or African American,2054-5,Hispanic or Latino,2135-2,2021,2021,10
,"Master's degree (MA, MS, MEng, MEd, MSW, MBA)",7,Unmarried,2,Black or African American,2054-5,Not Hispanic or Latino,2186-5,2018,2018,83
,"Master's degree (MA, MS, MEng, MEd, MSW, MBA)",7,Unmarried,2,Black or African American,2054-5,Not Hispanic or Latino,2186-5,2019,2019,90
,"Master's degree (MA, MS, MEng, MEd, MSW, MBA)",7,Unmarried,2,Black or African American,2054-5,Not Hispanic or Latino,2186-5,2020,2020,78
,"Master's degree (MA, MS, MEng, MEd, MSW, MBA)",7,Unmarried,2,Black or African American,2054-5,Not Hispanic or Latino,2186-5,2021,2021,90
,"Master's degree (MA, MS, MEng, MEd, MSW, MBA)",7,Unmarried,2,White,2106-3,Hispanic or Latino,2135-2,2018,2018,42
,"Master's degree (MA, MS, MEng, MEd, MSW, MBA)",7,Unmarried,2,White,2106-3,Hispanic or Latino,2135-2,2019,2019,32
,"Master's degree (MA, MS, MEng, MEd, MSW, MBA)",7,Unmarried,2,White,2106-3,Hispanic or Latino,2135-2,2020,2020,34
,"Master's degree (MA, MS, MEng, MEd, MSW, MBA)",7,Unmarried,2,White,2106-3,Hispanic or Latino,2135-2,2021,2021,40
,"Master's degree (MA, MS, MEng, MEd, MSW, MBA)",7,Unmarried,2,White,2106-3,Not Hispanic or Latino,2186-5,2018,2018,185
,"Master's degree (MA, MS, MEng, MEd, MSW, MBA)",7,Unmarried,2,White,2106-3,Not Hispanic or Latino,2186-5,2019,2019,171
,"Master's degree (MA, MS, MEng, MEd, MSW, MBA)",7,Unmarried,2,White,2106-3,Not Hispanic or Latino,2186-5,2020,2020,170
,"Master's degree (MA, MS, MEng, MEd, MSW, MBA)",7,Unmarried,2,White,2106-3,Not Hispanic or Latino,2186-5,2021,2021,179
,"Master's degree (MA, MS, MEng, MEd, MSW, MBA)",7,Unmarried,2,More than one race,M,Not Hispanic or Latino,2186-5,2020,2020,11
,"Master's degree (MA, MS, MEng, MEd, MSW, MBA)",7,Unmarried,2,More than one race,M,Not Hispanic or Latino,2186-5,2021,2021,11
,"Doctorate (PhD, EdD) or Professional Degree (MD, DDS, DVM, LLB, JD)",8,Married,1,Asian,A,Not Hispanic or Latino,2186-5,2018,2018,373
,"Doctorate (PhD, EdD) or Professional Degree (MD, DDS, DVM, LLB, JD)",8,Married,1,Asian,A,Not Hispanic or Latino,2186-5,2019,2019,385
,"Doctorate (PhD, EdD) or Professional Degree (MD, DDS, DVM, LLB, JD)",8,Married,1,Asian,A,Not Hispanic or Latino,2186-5,2020,2020,416
,"Doctorate (PhD, EdD) or Professional Degree (MD, DDS, DVM, LLB, JD)",8,Married,1,Asian,A,Not Hispanic or Latino,2186-5,2021,2021,371
,"Doctorate (PhD, EdD) or Professional Degree (MD, DDS, DVM, LLB, JD)",8,Married,1,Black or African American,2054-5,Not Hispanic or Latino,2186-5,2018,2018,52
,"Doctorate (PhD, EdD) or Professional Degree (MD, DDS, DVM, LLB, JD)",8,Married,1,Black or African American,2054-5,Not Hispanic or Latino,2186-5,2019,2019,66
,"Doctorate (PhD, EdD) or Professional Degree (MD, DDS, DVM, LLB, JD)",8,Married,1,Black or African American,2054-5,Not Hispanic or Latino,2186-5,2020,2020,70
,"Doctorate (PhD, EdD) or Professional Degree (MD, DDS, DVM, LLB, JD)",8,Married,1,Black or African American,2054-5,Not Hispanic or Latino,2186-5,2021,2021,80
,"Doctorate (PhD, EdD) or Professional Degree (MD, DDS, DVM, LLB, JD)",8,Married,1,White,2106-3,Hispanic or Latino,2135-2,2018,2018,80
,"Doctorate (PhD, EdD) or Professional Degree (MD, DDS, DVM, LLB, JD)",8,Married,1,White,2106-3,Hispanic or Latino,2135-2,2019,2019,79
,"Doctorate (PhD, EdD) or Professional Degree (MD, DDS, DVM, LLB, JD)",8,Married,1,White,2106-3,Hispanic or Latino,2135-2,2020,2020,79
,"Doctorate (PhD, EdD) or Professional Degree (MD, DDS, DVM, LLB, JD)",8,Married,1,White,2106-3,Hispanic or Latino,2135-2,2021,2021,78
,"Doctorate (PhD, EdD) or Professional Degree (MD, DDS, DVM, LLB, JD)",8,Married,1,White,2106-3,Not Hispanic or Latino,2186-5,2018,2018,1070
,"Doctorate (PhD, EdD) or Professional Degree (MD, DDS, DVM, LLB, JD)",8,Married,1,White,2106-3,Not Hispanic or Latino,2186-5,2019,2019,1060
,"Doctorate (PhD, EdD) or Professional Degree (MD, DDS, DVM, LLB, JD)",8,Married,1,White,2106-3,Not Hispanic or Latino,2186-5,2020,2020,1098
,"Doctorate (PhD, EdD) or Professional Degree (MD, DDS, DVM, LLB, JD)",8,Married,1,White,2106-3,Not Hispanic or Latino,2186-5,2021,2021,1116
,"Doctorate (PhD, EdD) or Professional Degree (MD, DDS, DVM, LLB, JD)",8,Married,1,More than one race,M,Not Hispanic or Latino,2186-5,2018,2018,20
,"Doctorate (PhD, EdD) or Professional Degree (MD, DDS, DVM, LLB, JD)",8,Married,1,More than one race,M,Not Hispanic or Latino,2186-5,2019,2019,18
,"Doctorate (PhD, EdD) or Professional Degree (MD, DDS, DVM, LLB, JD)",8,Married,1,More than one race,M,Not Hispanic or Latino,2186-5,2020,2020,26
,"Doctorate (PhD, EdD) or Professional Degree (MD, DDS, DVM, LLB, JD)",8,Married,1,More than one race,M,Not Hispanic or Latino,2186-5,2021,2021,29
,"Doctorate (PhD, EdD) or Professional Degree (MD, DDS, DVM, LLB, JD)",8,Unmarried,2,Asian,A,Not Hispanic or Latino,2186-5,2021,2021,10
,"Doctorate (PhD, EdD) or Professional Degree (MD, DDS, DVM, LLB, JD)",8,Unmarried,2,Black or African American,2054-5,Not Hispanic or Latino,2186-5,2021,2021,12
,"Doctorate (PhD, EdD) or Professional Degree (MD, DDS, DVM, LLB, JD)",8,Unmarried,2,White,2106-3,Hispanic or Latino,2135-2,2019,2019,10
,"Doctorate (PhD, EdD) or Professional Degree (MD, DDS, DVM, LLB, JD)",8,Unmarried,2,White,2106-3,Not Hispanic or Latino,2186-5,2018,2018,38
,"Doctorate (PhD, EdD) or Professional Degree (MD, DDS, DVM, LLB, JD)",8,Unmarried,2,White,2106-3,Not Hispanic or Latino,2186-5,2019,2019,38
,"Doctorate (PhD, EdD) or Professional Degree (MD, DDS, DVM, LLB, JD)",8,Unmarried,2,White,2106-3,Not Hispanic or Latino,2186-5,2020,2020,39
,"Doctorate (PhD, EdD) or Professional Degree (MD, DDS, DVM, LLB, JD)",8,Unmarried,2,White,2106-3,Not Hispanic or Latino,2186-5,2021,2021,44
---,,,,,,,,,,,
"Dataset: Natality, 2016-2021 expanded",,,,,,,,,,,
Query Parameters:,,,,,,,,,,,
Age of Mother 9: 20-24 years; 25-29 years; 30-34 years; 35-39 years,,,,,,,,,,,
Marital Status: Married; Unmarried,,,,,,,,,,,
Maternal Morbidity Checked: At least one checked,,,,,,,,,,,
Mother's Education: 8th grade or less; 9th through 12th grade with no diploma; High school graduate or GED completed; Some,,,,,,,,,,,
"college credit, but not a degree; Associate degree (AA, AS); Bachelor's degree (BA, AB, BS); Master's degree (MA, MS, MEng, MEd,",,,,,,,,,,,
"MSW, MBA); Doctorate (PhD, EdD) or Professional Degree (MD, DDS, DVM, LLB, JD)",,,,,,,,,,,
Year: 2018; 2019; 2020; 2021,,,,,,,,,,,
Group By: Mother's Education; Marital Status; Mother's Single Race 6; Mother's Hispanic Origin; Year,,,,,,,,,,,
Show Totals: Disabled,,,,,,,,,,,
Show Zero Values: False,,,,,,,,,,,
Show Suppressed: False,,,,,,,,,,,
"Calculate Rates Per: 1,000",,,,,,,,,,,
---,,,,,,,,,,,
Help: See http://wonder.cdc.gov/wonder/help/Natality-expanded.html for more information.,,,,,,,,,,,
---,,,,,,,,,,,
"Query Date: Mar 11, 2023 3:54:32 PM",,,,,,,,,,,
---,,,,,,,,,,,
"Suggested Citation: Centers for Disease Control and Prevention, National Center for Health Statistics. National Vital Statistics",,,,,,,,,,,
"System, Natality on CDC WONDER Online Database. Data are from the Natality Records 2016-2021, as compiled from data provided by",,,,,,,,,,,
the 57 vital statistics jurisdictions through the Vital Statistics Cooperative Program. Accessed at,,,,,,,,,,,
"http://wonder.cdc.gov/natality-expanded-current.html on Mar 11, 2023 3:54:32 PM",,,,,,,,,,,
---,,,,,,,,,,,
Messages:,,,,,,,,,,,
1. Totals are not available for these results due to suppression constraints. More Information:,,,,,,,,,,,
http://wonder.cdc.gov/wonder/help/faq.html#Privacy.,,,,,,,,,,,
2. Rows with suppressed Births are hidden. Use Quick Options above to show suppressed rows.,,,,,,,,,,,
---,,,,,,,,,,,
Caveats:,,,,,,,,,,,
1. 'Suppressed' appears when the data do not meet the criteria for confidentiality constraints. More information:,,,,,,,,,,,
http://wonder.cdc.gov/wonder/help/Natality-expanded.html#Assurance of Confidentiality.,,,,,,,,,,,
2. Each birth record represents one liveborn infant.,,,,,,,,,,,
3. Please note that the Percent of Total presented here may not be consistent with percentages published by NCHS. NCHS excludes,,,,,,,,,,,
"births categorized as ""Unknown"", ""Not Stated"", and ""Not on Certificate"" from the denominator when calculating percentages.",,,,,,,,,,,
"4. Beginning in 2017, due to state statutory restrictions, California no longer provides record-level data on the marital status",,,,,,,,,,,
of the mother for births occurring in California to California residents and non-residents (including residents of other,,,,,,,,,,,
"states). For these births, ""Marital Status"" is coded as ""Not Reported"".",,,,,,,,,,,
